Handle,Title,Body (HTML),Vendor,Product Category,Type,Tags,Published,Option1 Name,Option1 Value,Option2 Name,Option2 Value,Option3 Name,Option3 Value,Variant SKU,Variant Grams,Variant Inventory Tracker,Variant Inventory Qty,Variant Inventory Policy,Variant Fulfillment Service,Variant Price,Variant Compare At Price,Variant Requires Shipping,Variant Taxable,Variant Barcode,Image Src,Image Position,Image Alt Text,Gift Card,SEO Title,SEO Description,Google Shopping / Google Product Category,Google Shopping / Gender,Google Shopping / Age Group,Google Shopping / MPN,Google Shopping / Condition,Google Shopping / Custom Product,Variant Image,Variant Weight Unit,Variant Tax Code,Cost per item,Status,Subtitle (product.metafields.custom.subtitle),Colour swatches (product.metafields.custom.colour_swatches)
msfd007-womens-short-sleeve,Contrast Collar Riding Polo,"<p>A polished short-sleeve riding polo with a crisp contrast collar and clean placket. Designed to bring a quietly tailored finish to training days, show preparation and life beyond the stable.</p>
<ul><li>Crisp contrast collar and clean placket</li><li>Tailored finish for training and show preparation</li><li>Moisture-wicking, breathable technical piqué</li><li>Reinforced shoulder seams for daily wear</li></ul>
<p><strong>Fabric</strong><br>88% recycled polyester, 12% elastane technical piqué.</p>
<p><strong>Care</strong><br>Machine wash cold on a gentle cycle with like colours. Do not tumble dry, bleach or iron. Dry flat in the shade.</p>",Maison Cavallé,Apparel & Accessories > Clothing > Shirts & Tops,Short-sleeve technical polo · Black / Navy Blue,"Tops, Women, Short Sleeve, Polo, New, Maison Cavallé",TRUE,Color,Navy Blue,Size,XS,,,MSFD007-NVB-XS,205,shopify,5,deny,manual,129.00,,TRUE,TRUE,,https://maison-cavalle-2.myshopify.com/cdn/shop/files/jci-msfd007-riding.webp,1,Contrast Collar Riding Polo,FALSE,Contrast Collar Riding Polo | Maison Cavallé,"Short-sleeve technical polo · Black / Navy Blue. A polished short-sleeve riding polo with a crisp contrast collar and clean placket. Designed to bring a quietly tailored finish to training days, show preparation and life beyond the stable.",Apparel & Accessories > Clothing > Shirts & Tops,female,adult,MSFD007-NVB-XS,new,FALSE,https://maison-cavalle-2.myshopify.com/cdn/shop/files/jci-msfd007-back.webp,g,,,active,Short-sleeve technical polo · Black / Navy Blue,Black:#1c1d1c | Navy Blue:#1e2d45
msfd007-womens-short-sleeve,,,,,,,,,Black,,S,,,MSFD007-BLA-S,205,shopify,5,deny,manual,129.00,,TRUE,TRUE,,,,,,,,,,,MSFD007-BLA-S,,,https://maison-cavalle-2.myshopify.com/cdn/shop/files/jci-msfd007-riding.webp,g,,,,,
msfd007-womens-short-sleeve,,,,,,,,,Navy Blue,,S,,,MSFD007-NVB-S,205,shopify,5,deny,manual,129.00,,TRUE,TRUE,,,,,,,,,,,MSFD007-NVB-S,,,https://maison-cavalle-2.myshopify.com/cdn/shop/files/jci-msfd007-back.webp,g,,,,,
msfd007-womens-short-sleeve,,,,,,,,,Black,,M,,,MSFD007-BLA-M,205,shopify,5,deny,manual,129.00,,TRUE,TRUE,,,,,,,,,,,MSFD007-BLA-M,,,https://maison-cavalle-2.myshopify.com/cdn/shop/files/jci-msfd007-riding.webp,g,,,,,
msfd007-womens-short-sleeve,,,,,,,,,Navy Blue,,M,,,MSFD007-NVB-M,205,shopify,5,deny,manual,129.00,,TRUE,TRUE,,,,,,,,,,,MSFD007-NVB-M,,,https://maison-cavalle-2.myshopify.com/cdn/shop/files/jci-msfd007-back.webp,g,,,,,
msfd007-womens-short-sleeve,,,,,,,,,Black,,L,,,MSFD007-BLA-L,205,shopify,5,deny,manual,129.00,,TRUE,TRUE,,,,,,,,,,,MSFD007-BLA-L,,,https://maison-cavalle-2.myshopify.com/cdn/shop/files/jci-msfd007-riding.webp,g,,,,,
msfd007-womens-short-sleeve,,,,,,,,,Navy Blue,,L,,,MSFD007-NVB-L,205,shopify,5,deny,manual,129.00,,TRUE,TRUE,,,,,,,,,,,MSFD007-NVB-L,,,https://maison-cavalle-2.myshopify.com/cdn/shop/files/jci-msfd007-back.webp,g,,,,,
msfd007-womens-short-sleeve,,,,,,,,,Navy Blue,,XL,,,MSFD007-NVB-XL,205,shopify,5,deny,manual,129.00,,TRUE,TRUE,,,,,,,,,,,MSFD007-NVB-XL,,,https://maison-cavalle-2.myshopify.com/cdn/shop/files/jci-msfd007-back.webp,g,,,,,
msfd007-womens-short-sleeve,,,,,,,,,,,,,,,,,,,,,,,,,https://maison-cavalle-2.myshopify.com/cdn/shop/files/jci-msfd007-front.webp,2,Contrast Collar Riding Polo,,,,,,,,,,,,,,,,
msfd007-womens-short-sleeve,,,,,,,,,,,,,,,,,,,,,,,,,https://maison-cavalle-2.myshopify.com/cdn/shop/files/jci-msfd007-back.webp,3,Contrast Collar Riding Polo,,,,,,,,,,,,,,,,
msfd007-womens-short-sleeve,,,,,,,,,,,,,,,,,,,,,,,,,https://maison-cavalle-2.myshopify.com/cdn/shop/files/jci-msfd007-waist-detail.webp,4,Contrast Collar Riding Polo,,,,,,,,,,,,,,,,
msfd007-womens-short-sleeve,,,,,,,,,,,,,,,,,,,,,,,,,https://maison-cavalle-2.myshopify.com/cdn/shop/files/jci-msfd007-grip-detail.webp,5,Contrast Collar Riding Polo,,,,,,,,,,,,,,,,
msfd007-womens-short-sleeve,,,,,,,,,,,,,,,,,,,,,,,,,https://maison-cavalle-2.myshopify.com/cdn/shop/files/jci-msfd007-studio.webp,6,Contrast Collar Riding Polo,,,,,,,,,,,,,,,,
msfc003-womens-long-sleeve,Classic Long Sleeve Base Layer,"<p>A refined long-sleeve base layer with a smooth mock neck and close, comfortable fit. Lightweight enough for layering and polished enough to wear alone, it is a dependable foundation for the equestrian wardrobe.</p>
<ul><li>Smooth mock neck with a clean bound edge</li><li>Close, second-skin fit through the body and sleeve</li><li>Flatlocked seams that sit quietly under a jacket</li><li>Breathable four-way stretch with moisture management</li></ul>
<p><strong>Fabric</strong><br>82% recycled polyamide, 18% elastane technical jersey.</p>
<p><strong>Care</strong><br>Machine wash cold on a gentle cycle with like colours. Do not tumble dry, bleach or iron. Dry flat in the shade.</p>",Maison Cavallé,Apparel & Accessories > Clothing > Shirts & Tops,Long-sleeve technical jersey · Five colourways,"Base Layers, Women, Long Sleeve, New, Maison Cavallé",TRUE,Color,Pink,Size,S,,,MSFC003-PIN-S,220,shopify,5,deny,manual,149.00,,TRUE,TRUE,,https://maison-cavalle-2.myshopify.com/cdn/shop/files/jci-msfc003-womens-long-sleeve.webp,1,Classic Long Sleeve Base Layer,FALSE,Classic Long Sleeve Base Layer | Maison Cavallé,"Long-sleeve technical jersey · Five colourways. A refined long-sleeve base layer with a smooth mock neck and close, comfortable fit. Lightweight enough for layering and polished enough to wear alone, it is a dependable foundation for the equestrian wardrobe.",Apparel & Accessories > Clothing > Shirts & Tops,female,adult,MSFC003-PIN-S,new,FALSE,https://maison-cavalle-2.myshopify.com/cdn/shop/files/jci-msfc003-front.webp,g,,,active,Long-sleeve technical jersey · Five colourways,Pink:#d49ca3 | Light Blue:#aac7dc | White:#f4f2ed | Navy:#1f2d49 | Black:#1c1d1c
msfc003-womens-long-sleeve,,,,,,,,,Light Blue,,S,,,MSFC003-LTB-S,220,shopify,5,deny,manual,149.00,,TRUE,TRUE,,,,,,,,,,,MSFC003-LTB-S,,,https://maison-cavalle-2.myshopify.com/cdn/shop/files/jci-msfc003-back.webp,g,,,,,
msfc003-womens-long-sleeve,,,,,,,,,White,,S,,,MSFC003-WHI-S,220,shopify,5,deny,manual,149.00,,TRUE,TRUE,,,,,,,,,,,MSFC003-WHI-S,,,https://maison-cavalle-2.myshopify.com/cdn/shop/files/jci-msfc003-riding.webp,g,,,,,
msfc003-womens-long-sleeve,,,,,,,,,Navy,,S,,,MSFC003-NAV-S,220,shopify,5,deny,manual,149.00,,TRUE,TRUE,,,,,,,,,,,MSFC003-NAV-S,,,https://maison-cavalle-2.myshopify.com/cdn/shop/files/jci-msfc003-studio.webp,g,,,,,
msfc003-womens-long-sleeve,,,,,,,,,Black,,S,,,MSFC003-BLA-S,220,shopify,5,deny,manual,149.00,,TRUE,TRUE,,,,,,,,,,,MSFC003-BLA-S,,,https://maison-cavalle-2.myshopify.com/cdn/shop/files/jci-msfc003-studio.webp,g,,,,,
msfc003-womens-long-sleeve,,,,,,,,,Pink,,M,,,MSFC003-PIN-M,220,shopify,5,deny,manual,149.00,,TRUE,TRUE,,,,,,,,,,,MSFC003-PIN-M,,,https://maison-cavalle-2.myshopify.com/cdn/shop/files/jci-msfc003-front.webp,g,,,,,
msfc003-womens-long-sleeve,,,,,,,,,Light Blue,,M,,,MSFC003-LTB-M,220,shopify,5,deny,manual,149.00,,TRUE,TRUE,,,,,,,,,,,MSFC003-LTB-M,,,https://maison-cavalle-2.myshopify.com/cdn/shop/files/jci-msfc003-back.webp,g,,,,,
msfc003-womens-long-sleeve,,,,,,,,,White,,M,,,MSFC003-WHI-M,220,shopify,5,deny,manual,149.00,,TRUE,TRUE,,,,,,,,,,,MSFC003-WHI-M,,,https://maison-cavalle-2.myshopify.com/cdn/shop/files/jci-msfc003-riding.webp,g,,,,,
msfc003-womens-long-sleeve,,,,,,,,,Navy,,M,,,MSFC003-NAV-M,220,shopify,5,deny,manual,149.00,,TRUE,TRUE,,,,,,,,,,,MSFC003-NAV-M,,,https://maison-cavalle-2.myshopify.com/cdn/shop/files/jci-msfc003-studio.webp,g,,,,,
msfc003-womens-long-sleeve,,,,,,,,,Black,,M,,,MSFC003-BLA-M,220,shopify,5,deny,manual,149.00,,TRUE,TRUE,,,,,,,,,,,MSFC003-BLA-M,,,https://maison-cavalle-2.myshopify.com/cdn/shop/files/jci-msfc003-studio.webp,g,,,,,
msfc003-womens-long-sleeve,,,,,,,,,Pink,,L,,,MSFC003-PIN-L,220,shopify,5,deny,manual,149.00,,TRUE,TRUE,,,,,,,,,,,MSFC003-PIN-L,,,https://maison-cavalle-2.myshopify.com/cdn/shop/files/jci-msfc003-front.webp,g,,,,,
msfc003-womens-long-sleeve,,,,,,,,,Light Blue,,L,,,MSFC003-LTB-L,220,shopify,5,deny,manual,149.00,,TRUE,TRUE,,,,,,,,,,,MSFC003-LTB-L,,,https://maison-cavalle-2.myshopify.com/cdn/shop/files/jci-msfc003-back.webp,g,,,,,
msfc003-womens-long-sleeve,,,,,,,,,White,,L,,,MSFC003-WHI-L,220,shopify,5,deny,manual,149.00,,TRUE,TRUE,,,,,,,,,,,MSFC003-WHI-L,,,https://maison-cavalle-2.myshopify.com/cdn/shop/files/jci-msfc003-riding.webp,g,,,,,
msfc003-womens-long-sleeve,,,,,,,,,Navy,,L,,,MSFC003-NAV-L,220,shopify,5,deny,manual,149.00,,TRUE,TRUE,,,,,,,,,,,MSFC003-NAV-L,,,https://maison-cavalle-2.myshopify.com/cdn/shop/files/jci-msfc003-studio.webp,g,,,,,
msfc003-womens-long-sleeve,,,,,,,,,Black,,L,,,MSFC003-BLA-L,220,shopify,5,deny,manual,149.00,,TRUE,TRUE,,,,,,,,,,,MSFC003-BLA-L,,,https://maison-cavalle-2.myshopify.com/cdn/shop/files/jci-msfc003-studio.webp,g,,,,,
msfc003-womens-long-sleeve,,,,,,,,,Pink,,XL,,,MSFC003-PIN-XL,220,shopify,5,deny,manual,149.00,,TRUE,TRUE,,,,,,,,,,,MSFC003-PIN-XL,,,https://maison-cavalle-2.myshopify.com/cdn/shop/files/jci-msfc003-front.webp,g,,,,,
msfc003-womens-long-sleeve,,,,,,,,,Light Blue,,XL,,,MSFC003-LTB-XL,220,shopify,5,deny,manual,149.00,,TRUE,TRUE,,,,,,,,,,,MSFC003-LTB-XL,,,https://maison-cavalle-2.myshopify.com/cdn/shop/files/jci-msfc003-back.webp,g,,,,,
msfc003-womens-long-sleeve,,,,,,,,,White,,XL,,,MSFC003-WHI-XL,220,shopify,5,deny,manual,149.00,,TRUE,TRUE,,,,,,,,,,,MSFC003-WHI-XL,,,https://maison-cavalle-2.myshopify.com/cdn/shop/files/jci-msfc003-riding.webp,g,,,,,
msfc003-womens-long-sleeve,,,,,,,,,Navy,,XL,,,MSFC003-NAV-XL,220,shopify,5,deny,manual,149.00,,TRUE,TRUE,,,,,,,,,,,MSFC003-NAV-XL,,,https://maison-cavalle-2.myshopify.com/cdn/shop/files/jci-msfc003-studio.webp,g,,,,,
msfc003-womens-long-sleeve,,,,,,,,,Black,,XL,,,MSFC003-BLA-XL,220,shopify,5,deny,manual,149.00,,TRUE,TRUE,,,,,,,,,,,MSFC003-BLA-XL,,,https://maison-cavalle-2.myshopify.com/cdn/shop/files/jci-msfc003-studio.webp,g,,,,,
msfc003-womens-long-sleeve,,,,,,,,,,,,,,,,,,,,,,,,,https://maison-cavalle-2.myshopify.com/cdn/shop/files/jci-msfc003-riding.webp,2,Classic Long Sleeve Base Layer,,,,,,,,,,,,,,,,
msfc003-womens-long-sleeve,,,,,,,,,,,,,,,,,,,,,,,,,https://maison-cavalle-2.myshopify.com/cdn/shop/files/jci-msfc003-front.webp,3,Classic Long Sleeve Base Layer,,,,,,,,,,,,,,,,
msfc003-womens-long-sleeve,,,,,,,,,,,,,,,,,,,,,,,,,https://maison-cavalle-2.myshopify.com/cdn/shop/files/jci-msfc003-back.webp,4,Classic Long Sleeve Base Layer,,,,,,,,,,,,,,,,
msfc003-womens-long-sleeve,,,,,,,,,,,,,,,,,,,,,,,,,https://maison-cavalle-2.myshopify.com/cdn/shop/files/jci-msfc003-waist-detail.webp,5,Classic Long Sleeve Base Layer,,,,,,,,,,,,,,,,
msfc003-womens-long-sleeve,,,,,,,,,,,,,,,,,,,,,,,,,https://maison-cavalle-2.myshopify.com/cdn/shop/files/jci-msfc003-grip-detail.webp,6,Classic Long Sleeve Base Layer,,,,,,,,,,,,,,,,
msfc003-womens-long-sleeve,,,,,,,,,,,,,,,,,,,,,,,,,https://maison-cavalle-2.myshopify.com/cdn/shop/files/jci-msfc003-studio.webp,7,Classic Long Sleeve Base Layer,,,,,,,,,,,,,,,,
msfwx008-sleeveless-shirt,Sleeveless High Neck Riding Shirt,"<p>A clean sleeveless layer with a refined high neck and softly shaped fit. Made for warm-weather riding, polished competition looks and the easy rhythm of days spent around horses.</p>
<ul><li>Refined high neck with a soft inner facing</li><li>Sleeveless cut shaped through the waist</li><li>Quick-drying, breathable hand feel for warm weather</li><li>Clean armhole binding that stays flat under a jacket</li></ul>
<p><strong>Fabric</strong><br>80% recycled polyamide, 20% elastane performance jersey.</p>
<p><strong>Care</strong><br>Machine wash cold on a gentle cycle with like colours. Do not tumble dry, bleach or iron. Dry flat in the shade.</p>",Maison Cavallé,Apparel & Accessories > Clothing > Shirts & Tops,Sleeveless performance jersey · Four colourways,"Tops, Women, Sleeveless, New, Maison Cavallé",TRUE,Color,Black,Size,XS,,,MSFWX008-BLA-XS,180,shopify,5,deny,manual,119.00,,TRUE,TRUE,,https://maison-cavalle-2.myshopify.com/cdn/shop/files/jci-msfwx008-womens-sleeveless-shirt.webp,1,Sleeveless High Neck Riding Shirt,FALSE,Sleeveless High Neck Riding Shirt | Maison Cavallé,"Sleeveless performance jersey · Four colourways. A clean sleeveless layer with a refined high neck and softly shaped fit. Made for warm-weather riding, polished competition looks and the easy rhythm of days spent around horses.",Apparel & Accessories > Clothing > Shirts & Tops,female,adult,MSFWX008-BLA-XS,new,FALSE,https://maison-cavalle-2.myshopify.com/cdn/shop/files/jci-msfwx008-rider.webp,g,,,active,Sleeveless performance jersey · Four colourways,Black:#1c1d1c | Navy:#1e2d45 | White:#f5f3ef | Burgundy:#713744
msfwx008-sleeveless-shirt,,,,,,,,,Navy,,XS,,,MSFWX008-NAV-XS,180,shopify,5,deny,manual,119.00,,TRUE,TRUE,,,,,,,,,,,MSFWX008-NAV-XS,,,https://maison-cavalle-2.myshopify.com/cdn/shop/files/jci-msfwx008-back.webp,g,,,,,
msfwx008-sleeveless-shirt,,,,,,,,,White,,XS,,,MSFWX008-WHI-XS,180,shopify,5,deny,manual,119.00,,TRUE,TRUE,,,,,,,,,,,MSFWX008-WHI-XS,,,https://maison-cavalle-2.myshopify.com/cdn/shop/files/jci-msfwx008-studio.webp,g,,,,,
msfwx008-sleeveless-shirt,,,,,,,,,Burgundy,,XS,,,MSFWX008-BUR-XS,180,shopify,5,deny,manual,119.00,,TRUE,TRUE,,,,,,,,,,,MSFWX008-BUR-XS,,,https://maison-cavalle-2.myshopify.com/cdn/shop/files/jci-msfwx008-studio.webp,g,,,,,
msfwx008-sleeveless-shirt,,,,,,,,,Black,,S,,,MSFWX008-BLA-S,180,shopify,5,deny,manual,119.00,,TRUE,TRUE,,,,,,,,,,,MSFWX008-BLA-S,,,https://maison-cavalle-2.myshopify.com/cdn/shop/files/jci-msfwx008-rider.webp,g,,,,,
msfwx008-sleeveless-shirt,,,,,,,,,Navy,,S,,,MSFWX008-NAV-S,180,shopify,5,deny,manual,119.00,,TRUE,TRUE,,,,,,,,,,,MSFWX008-NAV-S,,,https://maison-cavalle-2.myshopify.com/cdn/shop/files/jci-msfwx008-back.webp,g,,,,,
msfwx008-sleeveless-shirt,,,,,,,,,Burgundy,,S,,,MSFWX008-BUR-S,180,shopify,5,deny,manual,119.00,,TRUE,TRUE,,,,,,,,,,,MSFWX008-BUR-S,,,https://maison-cavalle-2.myshopify.com/cdn/shop/files/jci-msfwx008-studio.webp,g,,,,,
msfwx008-sleeveless-shirt,,,,,,,,,Black,,M,,,MSFWX008-BLA-M,180,shopify,5,deny,manual,119.00,,TRUE,TRUE,,,,,,,,,,,MSFWX008-BLA-M,,,https://maison-cavalle-2.myshopify.com/cdn/shop/files/jci-msfwx008-rider.webp,g,,,,,
msfwx008-sleeveless-shirt,,,,,,,,,Navy,,M,,,MSFWX008-NAV-M,180,shopify,5,deny,manual,119.00,,TRUE,TRUE,,,,,,,,,,,MSFWX008-NAV-M,,,https://maison-cavalle-2.myshopify.com/cdn/shop/files/jci-msfwx008-back.webp,g,,,,,
msfwx008-sleeveless-shirt,,,,,,,,,White,,M,,,MSFWX008-WHI-M,180,shopify,5,deny,manual,119.00,,TRUE,TRUE,,,,,,,,,,,MSFWX008-WHI-M,,,https://maison-cavalle-2.myshopify.com/cdn/shop/files/jci-msfwx008-studio.webp,g,,,,,
msfwx008-sleeveless-shirt,,,,,,,,,Burgundy,,M,,,MSFWX008-BUR-M,180,shopify,5,deny,manual,119.00,,TRUE,TRUE,,,,,,,,,,,MSFWX008-BUR-M,,,https://maison-cavalle-2.myshopify.com/cdn/shop/files/jci-msfwx008-studio.webp,g,,,,,
msfwx008-sleeveless-shirt,,,,,,,,,Black,,L,,,MSFWX008-BLA-L,180,shopify,5,deny,manual,119.00,,TRUE,TRUE,,,,,,,,,,,MSFWX008-BLA-L,,,https://maison-cavalle-2.myshopify.com/cdn/shop/files/jci-msfwx008-rider.webp,g,,,,,
msfwx008-sleeveless-shirt,,,,,,,,,White,,L,,,MSFWX008-WHI-L,180,shopify,5,deny,manual,119.00,,TRUE,TRUE,,,,,,,,,,,MSFWX008-WHI-L,,,https://maison-cavalle-2.myshopify.com/cdn/shop/files/jci-msfwx008-studio.webp,g,,,,,
msfwx008-sleeveless-shirt,,,,,,,,,Burgundy,,L,,,MSFWX008-BUR-L,180,shopify,1,deny,manual,119.00,,TRUE,TRUE,,,,,,,,,,,MSFWX008-BUR-L,,,https://maison-cavalle-2.myshopify.com/cdn/shop/files/jci-msfwx008-studio.webp,g,,,,,
msfwx008-sleeveless-shirt,,,,,,,,,Black,,XL,,,MSFWX008-BLA-XL,180,shopify,5,deny,manual,119.00,,TRUE,TRUE,,,,,,,,,,,MSFWX008-BLA-XL,,,https://maison-cavalle-2.myshopify.com/cdn/shop/files/jci-msfwx008-rider.webp,g,,,,,
msfwx008-sleeveless-shirt,,,,,,,,,White,,XL,,,MSFWX008-WHI-XL,180,shopify,5,deny,manual,119.00,,TRUE,TRUE,,,,,,,,,,,MSFWX008-WHI-XL,,,https://maison-cavalle-2.myshopify.com/cdn/shop/files/jci-msfwx008-studio.webp,g,,,,,
msfwx008-sleeveless-shirt,,,,,,,,,Burgundy,,XL,,,MSFWX008-BUR-XL,180,shopify,1,deny,manual,119.00,,TRUE,TRUE,,,,,,,,,,,MSFWX008-BUR-XL,,,https://maison-cavalle-2.myshopify.com/cdn/shop/files/jci-msfwx008-studio.webp,g,,,,,
msfwx008-sleeveless-shirt,,,,,,,,,,,,,,,,,,,,,,,,,https://maison-cavalle-2.myshopify.com/cdn/shop/files/jci-msfwx008-rider.webp,2,Sleeveless High Neck Riding Shirt,,,,,,,,,,,,,,,,
msfwx008-sleeveless-shirt,,,,,,,,,,,,,,,,,,,,,,,,,https://maison-cavalle-2.myshopify.com/cdn/shop/files/jci-msfwx008-back.webp,3,Sleeveless High Neck Riding Shirt,,,,,,,,,,,,,,,,
msfwx008-sleeveless-shirt,,,,,,,,,,,,,,,,,,,,,,,,,https://maison-cavalle-2.myshopify.com/cdn/shop/files/jci-msfwx008-riding.webp,4,Sleeveless High Neck Riding Shirt,,,,,,,,,,,,,,,,
msfwx008-sleeveless-shirt,,,,,,,,,,,,,,,,,,,,,,,,,https://maison-cavalle-2.myshopify.com/cdn/shop/files/jci-msfwx008-waist-detail.webp,5,Sleeveless High Neck Riding Shirt,,,,,,,,,,,,,,,,
msfwx008-sleeveless-shirt,,,,,,,,,,,,,,,,,,,,,,,,,https://maison-cavalle-2.myshopify.com/cdn/shop/files/jci-msfwx008-grip-detail.webp,6,Sleeveless High Neck Riding Shirt,,,,,,,,,,,,,,,,
msfwx008-sleeveless-shirt,,,,,,,,,,,,,,,,,,,,,,,,,https://maison-cavalle-2.myshopify.com/cdn/shop/files/jci-msfwx008-studio.webp,7,Sleeveless High Neck Riding Shirt,,,,,,,,,,,,,,,,
msfd003-womens-short-sleeve,Soft Collar Riding Polo,"<p>An understated short-sleeve polo with a softly structured collar and neat athletic lines. Easy to move in and simple to style, it brings a considered finish to everyday riding.</p>
<ul><li>Softly structured collar that holds its shape</li><li>Three-button placket with tonal branding</li><li>Neat athletic lines through the shoulder and sleeve</li><li>Breathable, quick-drying and easy to layer</li></ul>
<p><strong>Fabric</strong><br>88% recycled polyester, 12% elastane piqué-backed jersey.</p>
<p><strong>Care</strong><br>Machine wash cold on a gentle cycle with like colours. Do not tumble dry, bleach or iron. Dry flat in the shade.</p>",Maison Cavallé,Apparel & Accessories > Clothing > Shirts & Tops,Short-sleeve performance jersey · Five colourways,"Tops, Women, Short Sleeve, Polo, New, Maison Cavallé",TRUE,Color,Pink,Size,S,,,MSFD003-PIN-S,200,shopify,5,deny,manual,129.00,,TRUE,TRUE,,https://maison-cavalle-2.myshopify.com/cdn/shop/files/jci-msfd003-womens-short-sleeve.webp,1,Soft Collar Riding Polo,FALSE,Soft Collar Riding Polo | Maison Cavallé,"Short-sleeve performance jersey · Five colourways. An understated short-sleeve polo with a softly structured collar and neat athletic lines. Easy to move in and simple to style, it brings a considered finish to everyday riding.",Apparel & Accessories > Clothing > Shirts & Tops,female,adult,MSFD003-PIN-S,new,FALSE,https://maison-cavalle-2.myshopify.com/cdn/shop/files/jci-msfd003-front.webp,g,,,active,Short-sleeve performance jersey · Five colourways,Pink:#d5a2a7 | Light Blue:#a9c5dc | Navy Blue:#20314e | White:#f5f3ef | Black:#1c1d1c
msfd003-womens-short-sleeve,,,,,,,,,Light Blue,,S,,,MSFD003-LTB-S,200,shopify,5,deny,manual,129.00,,TRUE,TRUE,,,,,,,,,,,MSFD003-LTB-S,,,https://maison-cavalle-2.myshopify.com/cdn/shop/files/jci-msfd003-back.webp,g,,,,,
msfd003-womens-short-sleeve,,,,,,,,,Navy Blue,,S,,,MSFD003-NVB-S,200,shopify,5,deny,manual,129.00,,TRUE,TRUE,,,,,,,,,,,MSFD003-NVB-S,,,https://maison-cavalle-2.myshopify.com/cdn/shop/files/jci-msfd003-studio.webp,g,,,,,
msfd003-womens-short-sleeve,,,,,,,,,White,,S,,,MSFD003-WHI-S,200,shopify,5,deny,manual,129.00,,TRUE,TRUE,,,,,,,,,,,MSFD003-WHI-S,,,https://maison-cavalle-2.myshopify.com/cdn/shop/files/jci-msfd003-studio.webp,g,,,,,
msfd003-womens-short-sleeve,,,,,,,,,Black,,S,,,MSFD003-BLA-S,200,shopify,5,deny,manual,129.00,,TRUE,TRUE,,,,,,,,,,,MSFD003-BLA-S,,,https://maison-cavalle-2.myshopify.com/cdn/shop/files/jci-msfd003-studio.webp,g,,,,,
msfd003-womens-short-sleeve,,,,,,,,,Pink,,M,,,MSFD003-PIN-M,200,shopify,5,deny,manual,129.00,,TRUE,TRUE,,,,,,,,,,,MSFD003-PIN-M,,,https://maison-cavalle-2.myshopify.com/cdn/shop/files/jci-msfd003-front.webp,g,,,,,
msfd003-womens-short-sleeve,,,,,,,,,Light Blue,,M,,,MSFD003-LTB-M,200,shopify,5,deny,manual,129.00,,TRUE,TRUE,,,,,,,,,,,MSFD003-LTB-M,,,https://maison-cavalle-2.myshopify.com/cdn/shop/files/jci-msfd003-back.webp,g,,,,,
msfd003-womens-short-sleeve,,,,,,,,,Navy Blue,,M,,,MSFD003-NVB-M,200,shopify,5,deny,manual,129.00,,TRUE,TRUE,,,,,,,,,,,MSFD003-NVB-M,,,https://maison-cavalle-2.myshopify.com/cdn/shop/files/jci-msfd003-studio.webp,g,,,,,
msfd003-womens-short-sleeve,,,,,,,,,White,,M,,,MSFD003-WHI-M,200,shopify,5,deny,manual,129.00,,TRUE,TRUE,,,,,,,,,,,MSFD003-WHI-M,,,https://maison-cavalle-2.myshopify.com/cdn/shop/files/jci-msfd003-studio.webp,g,,,,,
msfd003-womens-short-sleeve,,,,,,,,,Black,,M,,,MSFD003-BLA-M,200,shopify,5,deny,manual,129.00,,TRUE,TRUE,,,,,,,,,,,MSFD003-BLA-M,,,https://maison-cavalle-2.myshopify.com/cdn/shop/files/jci-msfd003-studio.webp,g,,,,,
msfd003-womens-short-sleeve,,,,,,,,,Pink,,L,,,MSFD003-PIN-L,200,shopify,5,deny,manual,129.00,,TRUE,TRUE,,,,,,,,,,,MSFD003-PIN-L,,,https://maison-cavalle-2.myshopify.com/cdn/shop/files/jci-msfd003-front.webp,g,,,,,
msfd003-womens-short-sleeve,,,,,,,,,Light Blue,,L,,,MSFD003-LTB-L,200,shopify,5,deny,manual,129.00,,TRUE,TRUE,,,,,,,,,,,MSFD003-LTB-L,,,https://maison-cavalle-2.myshopify.com/cdn/shop/files/jci-msfd003-back.webp,g,,,,,
msfd003-womens-short-sleeve,,,,,,,,,Navy Blue,,L,,,MSFD003-NVB-L,200,shopify,5,deny,manual,129.00,,TRUE,TRUE,,,,,,,,,,,MSFD003-NVB-L,,,https://maison-cavalle-2.myshopify.com/cdn/shop/files/jci-msfd003-studio.webp,g,,,,,
msfd003-womens-short-sleeve,,,,,,,,,White,,L,,,MSFD003-WHI-L,200,shopify,4,deny,manual,129.00,,TRUE,TRUE,,,,,,,,,,,MSFD003-WHI-L,,,https://maison-cavalle-2.myshopify.com/cdn/shop/files/jci-msfd003-studio.webp,g,,,,,
msfd003-womens-short-sleeve,,,,,,,,,Black,,L,,,MSFD003-BLA-L,200,shopify,5,deny,manual,129.00,,TRUE,TRUE,,,,,,,,,,,MSFD003-BLA-L,,,https://maison-cavalle-2.myshopify.com/cdn/shop/files/jci-msfd003-studio.webp,g,,,,,
msfd003-womens-short-sleeve,,,,,,,,,Pink,,XL,,,MSFD003-PIN-XL,200,shopify,4,deny,manual,129.00,,TRUE,TRUE,,,,,,,,,,,MSFD003-PIN-XL,,,https://maison-cavalle-2.myshopify.com/cdn/shop/files/jci-msfd003-front.webp,g,,,,,
msfd003-womens-short-sleeve,,,,,,,,,Light Blue,,XL,,,MSFD003-LTB-XL,200,shopify,3,deny,manual,129.00,,TRUE,TRUE,,,,,,,,,,,MSFD003-LTB-XL,,,https://maison-cavalle-2.myshopify.com/cdn/shop/files/jci-msfd003-back.webp,g,,,,,
msfd003-womens-short-sleeve,,,,,,,,,Navy Blue,,XL,,,MSFD003-NVB-XL,200,shopify,5,deny,manual,129.00,,TRUE,TRUE,,,,,,,,,,,MSFD003-NVB-XL,,,https://maison-cavalle-2.myshopify.com/cdn/shop/files/jci-msfd003-studio.webp,g,,,,,
msfd003-womens-short-sleeve,,,,,,,,,Black,,XL,,,MSFD003-BLA-XL,200,shopify,5,deny,manual,129.00,,TRUE,TRUE,,,,,,,,,,,MSFD003-BLA-XL,,,https://maison-cavalle-2.myshopify.com/cdn/shop/files/jci-msfd003-studio.webp,g,,,,,
msfd003-womens-short-sleeve,,,,,,,,,,,,,,,,,,,,,,,,,https://maison-cavalle-2.myshopify.com/cdn/shop/files/jci-msfd003-riding.webp,2,Soft Collar Riding Polo,,,,,,,,,,,,,,,,
msfd003-womens-short-sleeve,,,,,,,,,,,,,,,,,,,,,,,,,https://maison-cavalle-2.myshopify.com/cdn/shop/files/jci-msfd003-front.webp,3,Soft Collar Riding Polo,,,,,,,,,,,,,,,,
msfd003-womens-short-sleeve,,,,,,,,,,,,,,,,,,,,,,,,,https://maison-cavalle-2.myshopify.com/cdn/shop/files/jci-msfd003-back.webp,4,Soft Collar Riding Polo,,,,,,,,,,,,,,,,
msfd003-womens-short-sleeve,,,,,,,,,,,,,,,,,,,,,,,,,https://maison-cavalle-2.myshopify.com/cdn/shop/files/jci-msfd003-waist-detail.webp,5,Soft Collar Riding Polo,,,,,,,,,,,,,,,,
msfd003-womens-short-sleeve,,,,,,,,,,,,,,,,,,,,,,,,,https://maison-cavalle-2.myshopify.com/cdn/shop/files/jci-msfd003-grip-detail.webp,6,Soft Collar Riding Polo,,,,,,,,,,,,,,,,
msfd003-womens-short-sleeve,,,,,,,,,,,,,,,,,,,,,,,,,https://maison-cavalle-2.myshopify.com/cdn/shop/files/jci-msfd003-studio.webp,7,Soft Collar Riding Polo,,,,,,,,,,,,,,,,
msfd008-womens-short-sleeve,Contour Short Sleeve Riding Top,"<p>A fitted short-sleeve riding top shaped with a clean low-profile collar and subtle seam lines. Smooth, practical and easy to layer, it is made for the daily rhythm of the yard and the saddle.</p>
<ul><li>Low-profile collar with a short concealed zip</li><li>Subtle seam lines that follow the body</li><li>Smooth, layer-friendly finish under a jacket</li><li>Four-way stretch with a dry, cool hand feel</li></ul>
<p><strong>Fabric</strong><br>84% recycled polyamide, 16% elastane technical jersey.</p>
<p><strong>Care</strong><br>Machine wash cold on a gentle cycle with like colours. Do not tumble dry, bleach or iron. Dry flat in the shade.</p>",Maison Cavallé,Apparel & Accessories > Clothing > Shirts & Tops,Short-sleeve technical jersey · Navy / Light Blue / Black / White,"Tops, Women, Short Sleeve, New, Maison Cavallé",TRUE,Color,Black,Size,XS,,,MSFD008-BLA-XS,195,shopify,5,deny,manual,119.00,,TRUE,TRUE,,https://maison-cavalle-2.myshopify.com/cdn/shop/files/jci-msfd008-womens-short-sleeve.webp,1,Contour Short Sleeve Riding Top,FALSE,Contour Short Sleeve Riding Top | Maison Cavallé,"Short-sleeve technical jersey · Navy / Light Blue / Black / White. A fitted short-sleeve riding top shaped with a clean low-profile collar and subtle seam lines. Smooth, practical and easy to layer, it is made for the daily rhythm of the yard and the saddle.",Apparel & Accessories > Clothing > Shirts & Tops,female,adult,MSFD008-BLA-XS,new,FALSE,https://maison-cavalle-2.myshopify.com/cdn/shop/files/jci-msfd008-studio.webp,g,,,active,Short-sleeve technical jersey · Navy / Light Blue / Black / White,Black:#1c1d1c | Navy:#20314e | White:#f5f3ef | Light Blue:#a9c6dd
msfd008-womens-short-sleeve,,,,,,,,,Navy,,XS,,,MSFD008-NAV-XS,195,shopify,5,deny,manual,119.00,,TRUE,TRUE,,,,,,,,,,,MSFD008-NAV-XS,,,https://maison-cavalle-2.myshopify.com/cdn/shop/files/jci-msfd008-front.webp,g,,,,,
msfd008-womens-short-sleeve,,,,,,,,,White,,XS,,,MSFD008-WHI-XS,195,shopify,5,deny,manual,119.00,,TRUE,TRUE,,,,,,,,,,,MSFD008-WHI-XS,,,https://maison-cavalle-2.myshopify.com/cdn/shop/files/jci-msfd008-studio.webp,g,,,,,
msfd008-womens-short-sleeve,,,,,,,,,Light Blue,,XS,,,MSFD008-LTB-XS,195,shopify,5,deny,manual,119.00,,TRUE,TRUE,,,,,,,,,,,MSFD008-LTB-XS,,,https://maison-cavalle-2.myshopify.com/cdn/shop/files/jci-msfd008-back.webp,g,,,,,
msfd008-womens-short-sleeve,,,,,,,,,Black,,S,,,MSFD008-BLA-S,195,shopify,5,deny,manual,119.00,,TRUE,TRUE,,,,,,,,,,,MSFD008-BLA-S,,,https://maison-cavalle-2.myshopify.com/cdn/shop/files/jci-msfd008-studio.webp,g,,,,,
msfd008-womens-short-sleeve,,,,,,,,,Navy,,S,,,MSFD008-NAV-S,195,shopify,5,deny,manual,119.00,,TRUE,TRUE,,,,,,,,,,,MSFD008-NAV-S,,,https://maison-cavalle-2.myshopify.com/cdn/shop/files/jci-msfd008-front.webp,g,,,,,
msfd008-womens-short-sleeve,,,,,,,,,White,,S,,,MSFD008-WHI-S,195,shopify,5,deny,manual,119.00,,TRUE,TRUE,,,,,,,,,,,MSFD008-WHI-S,,,https://maison-cavalle-2.myshopify.com/cdn/shop/files/jci-msfd008-studio.webp,g,,,,,
msfd008-womens-short-sleeve,,,,,,,,,Light Blue,,S,,,MSFD008-LTB-S,195,shopify,5,deny,manual,119.00,,TRUE,TRUE,,,,,,,,,,,MSFD008-LTB-S,,,https://maison-cavalle-2.myshopify.com/cdn/shop/files/jci-msfd008-back.webp,g,,,,,
msfd008-womens-short-sleeve,,,,,,,,,Black,,M,,,MSFD008-BLA-M,195,shopify,5,deny,manual,119.00,,TRUE,TRUE,,,,,,,,,,,MSFD008-BLA-M,,,https://maison-cavalle-2.myshopify.com/cdn/shop/files/jci-msfd008-studio.webp,g,,,,,
msfd008-womens-short-sleeve,,,,,,,,,Navy,,M,,,MSFD008-NAV-M,195,shopify,5,deny,manual,119.00,,TRUE,TRUE,,,,,,,,,,,MSFD008-NAV-M,,,https://maison-cavalle-2.myshopify.com/cdn/shop/files/jci-msfd008-front.webp,g,,,,,
msfd008-womens-short-sleeve,,,,,,,,,White,,M,,,MSFD008-WHI-M,195,shopify,5,deny,manual,119.00,,TRUE,TRUE,,,,,,,,,,,MSFD008-WHI-M,,,https://maison-cavalle-2.myshopify.com/cdn/shop/files/jci-msfd008-studio.webp,g,,,,,
msfd008-womens-short-sleeve,,,,,,,,,Light Blue,,M,,,MSFD008-LTB-M,195,shopify,5,deny,manual,119.00,,TRUE,TRUE,,,,,,,,,,,MSFD008-LTB-M,,,https://maison-cavalle-2.myshopify.com/cdn/shop/files/jci-msfd008-back.webp,g,,,,,
msfd008-womens-short-sleeve,,,,,,,,,Black,,L,,,MSFD008-BLA-L,195,shopify,5,deny,manual,119.00,,TRUE,TRUE,,,,,,,,,,,MSFD008-BLA-L,,,https://maison-cavalle-2.myshopify.com/cdn/shop/files/jci-msfd008-studio.webp,g,,,,,
msfd008-womens-short-sleeve,,,,,,,,,Navy,,L,,,MSFD008-NAV-L,195,shopify,5,deny,manual,119.00,,TRUE,TRUE,,,,,,,,,,,MSFD008-NAV-L,,,https://maison-cavalle-2.myshopify.com/cdn/shop/files/jci-msfd008-front.webp,g,,,,,
msfd008-womens-short-sleeve,,,,,,,,,White,,L,,,MSFD008-WHI-L,195,shopify,5,deny,manual,119.00,,TRUE,TRUE,,,,,,,,,,,MSFD008-WHI-L,,,https://maison-cavalle-2.myshopify.com/cdn/shop/files/jci-msfd008-studio.webp,g,,,,,
msfd008-womens-short-sleeve,,,,,,,,,Light Blue,,L,,,MSFD008-LTB-L,195,shopify,5,deny,manual,119.00,,TRUE,TRUE,,,,,,,,,,,MSFD008-LTB-L,,,https://maison-cavalle-2.myshopify.com/cdn/shop/files/jci-msfd008-back.webp,g,,,,,
msfd008-womens-short-sleeve,,,,,,,,,Black,,XL,,,MSFD008-BLA-XL,195,shopify,5,deny,manual,119.00,,TRUE,TRUE,,,,,,,,,,,MSFD008-BLA-XL,,,https://maison-cavalle-2.myshopify.com/cdn/shop/files/jci-msfd008-studio.webp,g,,,,,
msfd008-womens-short-sleeve,,,,,,,,,Navy,,XL,,,MSFD008-NAV-XL,195,shopify,5,deny,manual,119.00,,TRUE,TRUE,,,,,,,,,,,MSFD008-NAV-XL,,,https://maison-cavalle-2.myshopify.com/cdn/shop/files/jci-msfd008-front.webp,g,,,,,
msfd008-womens-short-sleeve,,,,,,,,,White,,XL,,,MSFD008-WHI-XL,195,shopify,5,deny,manual,119.00,,TRUE,TRUE,,,,,,,,,,,MSFD008-WHI-XL,,,https://maison-cavalle-2.myshopify.com/cdn/shop/files/jci-msfd008-studio.webp,g,,,,,
msfd008-womens-short-sleeve,,,,,,,,,Light Blue,,XL,,,MSFD008-LTB-XL,195,shopify,5,deny,manual,119.00,,TRUE,TRUE,,,,,,,,,,,MSFD008-LTB-XL,,,https://maison-cavalle-2.myshopify.com/cdn/shop/files/jci-msfd008-back.webp,g,,,,,
msfd008-womens-short-sleeve,,,,,,,,,,,,,,,,,,,,,,,,,https://maison-cavalle-2.myshopify.com/cdn/shop/files/jci-msfd008-front.webp,2,Contour Short Sleeve Riding Top,,,,,,,,,,,,,,,,
msfd008-womens-short-sleeve,,,,,,,,,,,,,,,,,,,,,,,,,https://maison-cavalle-2.myshopify.com/cdn/shop/files/jci-msfd008-back.webp,3,Contour Short Sleeve Riding Top,,,,,,,,,,,,,,,,
msfd008-womens-short-sleeve,,,,,,,,,,,,,,,,,,,,,,,,,https://maison-cavalle-2.myshopify.com/cdn/shop/files/jci-msfd008-riding.webp,4,Contour Short Sleeve Riding Top,,,,,,,,,,,,,,,,
msfd008-womens-short-sleeve,,,,,,,,,,,,,,,,,,,,,,,,,https://maison-cavalle-2.myshopify.com/cdn/shop/files/jci-msfd008-waist-detail.webp,5,Contour Short Sleeve Riding Top,,,,,,,,,,,,,,,,
msfd008-womens-short-sleeve,,,,,,,,,,,,,,,,,,,,,,,,,https://maison-cavalle-2.myshopify.com/cdn/shop/files/jci-msfd008-grip-detail.webp,6,Contour Short Sleeve Riding Top,,,,,,,,,,,,,,,,
msfd008-womens-short-sleeve,,,,,,,,,,,,,,,,,,,,,,,,,https://maison-cavalle-2.myshopify.com/cdn/shop/files/jci-msfd008-studio.webp,7,Contour Short Sleeve Riding Top,,,,,,,,,,,,,,,,
msfd008-colour-block-short-sleeve,Colour Block Short Sleeve Show Shirt,"<p>A crisp short-sleeve show shirt with a white stand collar, clean white shoulders and a contrast chest panel. The warm-weather companion to our bib front long sleeve, it brings a polished competition look to training days and show season alike.</p>
<ul><li>White stand collar with a concealed front zip</li><li>Contrast chest panel framed by clean white shoulders and sleeves</li><li>Traditional show lines in a four-way stretch jersey</li><li>Breathable, quick-drying and easy to care for</li></ul>
<p><strong>Fabric</strong><br>84% recycled polyamide, 16% elastane technical jersey.</p>
<p><strong>Care</strong><br>Machine wash cold on a gentle cycle with like colours. Do not tumble dry, bleach or iron. Dry flat in the shade.</p>",Maison Cavallé,Apparel & Accessories > Clothing > Shirts & Tops,Short-sleeve colour-block jersey · Navy / Light Blue / Black / White,"Tops, Women, Short Sleeve, Show Shirt, New, Maison Cavallé",TRUE,Color,Navy,Size,XS,,,MSFD008-CB-NAV-XS,200,shopify,4,deny,manual,129.00,,TRUE,TRUE,,https://maison-cavalle-2.myshopify.com/cdn/shop/files/jci-msfd008-colour-block-short-sleeve.webp,1,Colour Block Short Sleeve Show Shirt,FALSE,Colour Block Short Sleeve Show Shirt | Maison Cavallé,"Short-sleeve colour-block jersey · Four colourways. A crisp short-sleeve show shirt with a white stand collar, clean white shoulders and a contrast chest panel. The warm-weather companion to our bib front long sleeve, it brings a polished competition look to training days and show season alike.",Apparel & Accessories > Clothing > Shirts & Tops,female,adult,MSFD008-CB-NAV-XS,new,FALSE,https://maison-cavalle-2.myshopify.com/cdn/shop/files/jci-msfd008-colour-block-short-sleeve.webp,g,,,active,Short-sleeve colour-block jersey · Four colourways,Navy:#20314e | Light Blue:#a9c6dd | Black:#1c1d1c | White:#f5f3ef
msfd008-colour-block-short-sleeve,,,,,,,,,Black,,XS,,,MSFD008-CB-BLA-XS,200,shopify,5,deny,manual,129.00,,TRUE,TRUE,,,,,,,,,,,MSFD008-CB-BLA-XS,,,https://maison-cavalle-2.myshopify.com/cdn/shop/files/jci-msfd008-colour-block-short-sleeve.webp,g,,,,,
msfd008-colour-block-short-sleeve,,,,,,,,,Black,,S,,,MSFD008-CB-BLA-S,200,shopify,3,deny,manual,129.00,,TRUE,TRUE,,,,,,,,,,,MSFD008-CB-BLA-S,,,https://maison-cavalle-2.myshopify.com/cdn/shop/files/jci-msfd008-colour-block-short-sleeve.webp,g,,,,,
msfd008-colour-block-short-sleeve,,,,,,,,,White,,S,,,MSFD008-CB-WHI-S,200,shopify,3,deny,manual,129.00,,TRUE,TRUE,,,,,,,,,,,MSFD008-CB-WHI-S,,,https://maison-cavalle-2.myshopify.com/cdn/shop/files/jci-msfd008-colour-block-short-sleeve.webp,g,,,,,
msfd008-colour-block-short-sleeve,,,,,,,,,White,,M,,,MSFD008-CB-WHI-M,200,shopify,5,deny,manual,129.00,,TRUE,TRUE,,,,,,,,,,,MSFD008-CB-WHI-M,,,https://maison-cavalle-2.myshopify.com/cdn/shop/files/jci-msfd008-colour-block-short-sleeve.webp,g,,,,,
msfd008-colour-block-short-sleeve,,,,,,,,,Light Blue,,L,,,MSFD008-CB-LTB-L,200,shopify,5,deny,manual,129.00,,TRUE,TRUE,,,,,,,,,,,MSFD008-CB-LTB-L,,,https://maison-cavalle-2.myshopify.com/cdn/shop/files/jci-msfd008-colour-block-short-sleeve.webp,g,,,,,
msfd008-colour-block-short-sleeve,,,,,,,,,Black,,L,,,MSFD008-CB-BLA-L,200,shopify,5,deny,manual,129.00,,TRUE,TRUE,,,,,,,,,,,MSFD008-CB-BLA-L,,,https://maison-cavalle-2.myshopify.com/cdn/shop/files/jci-msfd008-colour-block-short-sleeve.webp,g,,,,,
msfd008-colour-block-short-sleeve,,,,,,,,,Light Blue,,XL,,,MSFD008-CB-LTB-XL,200,shopify,5,deny,manual,129.00,,TRUE,TRUE,,,,,,,,,,,MSFD008-CB-LTB-XL,,,https://maison-cavalle-2.myshopify.com/cdn/shop/files/jci-msfd008-colour-block-short-sleeve.webp,g,,,,,
msfd008-colour-block-short-sleeve,,,,,,,,,Black,,XL,,,MSFD008-CB-BLA-XL,200,shopify,3,deny,manual,129.00,,TRUE,TRUE,,,,,,,,,,,MSFD008-CB-BLA-XL,,,https://maison-cavalle-2.myshopify.com/cdn/shop/files/jci-msfd008-colour-block-short-sleeve.webp,g,,,,,
msfd008-colour-block-short-sleeve,,,,,,,,,White,,XL,,,MSFD008-CB-WHI-XL,200,shopify,3,deny,manual,129.00,,TRUE,TRUE,,,,,,,,,,,MSFD008-CB-WHI-XL,,,https://maison-cavalle-2.myshopify.com/cdn/shop/files/jci-msfd008-colour-block-short-sleeve.webp,g,,,,,
msfc009-womens-long-sleeve,Bib Front Long Sleeve Riding Top,"<p>A distinctive long-sleeve riding top with a clean white body, high collar and curved contrast bib front. It balances the formality of traditional equestrian dressing with a comfortable modern stretch.</p>
<ul><li>Clean white body with a curved contrast bib front</li><li>High collar with a concealed snap closure</li><li>Traditional show lines in a modern stretch fabric</li><li>Set-in sleeves cut for full rein movement</li></ul>
<p><strong>Fabric</strong><br>82% recycled polyamide, 18% elastane jersey with a woven bib front.</p>
<p><strong>Care</strong><br>Machine wash cold on a gentle cycle with like colours. Do not tumble dry, bleach or iron. Dry flat in the shade.</p>",Maison Cavallé,Apparel & Accessories > Clothing > Shirts & Tops,Long-sleeve contrast-panel jersey · Four colourways,"Base Layers, Women, Long Sleeve, New, Maison Cavallé",TRUE,Color,Black,Size,XS,,,MSFC009-BLA-XS,240,shopify,5,deny,manual,159.00,,TRUE,TRUE,,https://maison-cavalle-2.myshopify.com/cdn/shop/files/jci-msfc009-womens-long-sleeve.webp,1,Bib Front Long Sleeve Riding Top,FALSE,Bib Front Long Sleeve Riding Top | Maison Cavallé,"Long-sleeve contrast-panel jersey · Four colourways. A distinctive long-sleeve riding top with a clean white body, high collar and curved contrast bib front. It balances the formality of traditional equestrian dressing with a comfortable modern stretch.",Apparel & Accessories > Clothing > Shirts & Tops,female,adult,MSFC009-BLA-XS,new,FALSE,https://maison-cavalle-2.myshopify.com/cdn/shop/files/jci-msfc009-studio.webp,g,,,active,Long-sleeve contrast-panel jersey · Four colourways,Navy:#20314e | Light Blue:#a9c6dd | Black:#1c1d1c | White:#f5f3ef
msfc009-womens-long-sleeve,,,,,,,,,Navy,,S,,,MSFC009-NAV-S,240,shopify,1,deny,manual,159.00,,TRUE,TRUE,,,,,,,,,,,MSFC009-NAV-S,,,https://maison-cavalle-2.myshopify.com/cdn/shop/files/jci-msfc009-front.webp,g,,,,,
msfc009-womens-long-sleeve,,,,,,,,,Light Blue,,S,,,MSFC009-LTB-S,240,shopify,5,deny,manual,159.00,,TRUE,TRUE,,,,,,,,,,,MSFC009-LTB-S,,,https://maison-cavalle-2.myshopify.com/cdn/shop/files/jci-msfc009-studio.webp,g,,,,,
msfc009-womens-long-sleeve,,,,,,,,,Black,,S,,,MSFC009-BLA-S,240,shopify,5,deny,manual,159.00,,TRUE,TRUE,,,,,,,,,,,MSFC009-BLA-S,,,https://maison-cavalle-2.myshopify.com/cdn/shop/files/jci-msfc009-studio.webp,g,,,,,
msfc009-womens-long-sleeve,,,,,,,,,Navy,,M,,,MSFC009-NAV-M,240,shopify,1,deny,manual,159.00,,TRUE,TRUE,,,,,,,,,,,MSFC009-NAV-M,,,https://maison-cavalle-2.myshopify.com/cdn/shop/files/jci-msfc009-front.webp,g,,,,,
msfc009-womens-long-sleeve,,,,,,,,,Light Blue,,M,,,MSFC009-LTB-M,240,shopify,5,deny,manual,159.00,,TRUE,TRUE,,,,,,,,,,,MSFC009-LTB-M,,,https://maison-cavalle-2.myshopify.com/cdn/shop/files/jci-msfc009-studio.webp,g,,,,,
msfc009-womens-long-sleeve,,,,,,,,,Black,,M,,,MSFC009-BLA-M,240,shopify,5,deny,manual,159.00,,TRUE,TRUE,,,,,,,,,,,MSFC009-BLA-M,,,https://maison-cavalle-2.myshopify.com/cdn/shop/files/jci-msfc009-studio.webp,g,,,,,
msfc009-womens-long-sleeve,,,,,,,,,White,,M,,,MSFC009-WHI-M,240,shopify,5,deny,manual,159.00,,TRUE,TRUE,,,,,,,,,,,MSFC009-WHI-M,,,https://maison-cavalle-2.myshopify.com/cdn/shop/files/jci-msfc009-studio.webp,g,,,,,
msfc009-womens-long-sleeve,,,,,,,,,Navy,,L,,,MSFC009-NAV-L,240,shopify,5,deny,manual,159.00,,TRUE,TRUE,,,,,,,,,,,MSFC009-NAV-L,,,https://maison-cavalle-2.myshopify.com/cdn/shop/files/jci-msfc009-front.webp,g,,,,,
msfc009-womens-long-sleeve,,,,,,,,,Light Blue,,L,,,MSFC009-LTB-L,240,shopify,5,deny,manual,159.00,,TRUE,TRUE,,,,,,,,,,,MSFC009-LTB-L,,,https://maison-cavalle-2.myshopify.com/cdn/shop/files/jci-msfc009-studio.webp,g,,,,,
msfc009-womens-long-sleeve,,,,,,,,,Black,,L,,,MSFC009-BLA-L,240,shopify,5,deny,manual,159.00,,TRUE,TRUE,,,,,,,,,,,MSFC009-BLA-L,,,https://maison-cavalle-2.myshopify.com/cdn/shop/files/jci-msfc009-studio.webp,g,,,,,
msfc009-womens-long-sleeve,,,,,,,,,White,,L,,,MSFC009-WHI-L,240,shopify,5,deny,manual,159.00,,TRUE,TRUE,,,,,,,,,,,MSFC009-WHI-L,,,https://maison-cavalle-2.myshopify.com/cdn/shop/files/jci-msfc009-studio.webp,g,,,,,
msfc009-womens-long-sleeve,,,,,,,,,Navy,,XL,,,MSFC009-NAV-XL,240,shopify,3,deny,manual,159.00,,TRUE,TRUE,,,,,,,,,,,MSFC009-NAV-XL,,,https://maison-cavalle-2.myshopify.com/cdn/shop/files/jci-msfc009-front.webp,g,,,,,
msfc009-womens-long-sleeve,,,,,,,,,Light Blue,,XL,,,MSFC009-LTB-XL,240,shopify,5,deny,manual,159.00,,TRUE,TRUE,,,,,,,,,,,MSFC009-LTB-XL,,,https://maison-cavalle-2.myshopify.com/cdn/shop/files/jci-msfc009-studio.webp,g,,,,,
msfc009-womens-long-sleeve,,,,,,,,,Black,,XL,,,MSFC009-BLA-XL,240,shopify,5,deny,manual,159.00,,TRUE,TRUE,,,,,,,,,,,MSFC009-BLA-XL,,,https://maison-cavalle-2.myshopify.com/cdn/shop/files/jci-msfc009-studio.webp,g,,,,,
msfc009-womens-long-sleeve,,,,,,,,,White,,XL,,,MSFC009-WHI-XL,240,shopify,4,deny,manual,159.00,,TRUE,TRUE,,,,,,,,,,,MSFC009-WHI-XL,,,https://maison-cavalle-2.myshopify.com/cdn/shop/files/jci-msfc009-studio.webp,g,,,,,
msfc009-womens-long-sleeve,,,,,,,,,,,,,,,,,,,,,,,,,https://maison-cavalle-2.myshopify.com/cdn/shop/files/jci-msfc009-front.webp,2,Bib Front Long Sleeve Riding Top,,,,,,,,,,,,,,,,
msfc009-womens-long-sleeve,,,,,,,,,,,,,,,,,,,,,,,,,https://maison-cavalle-2.myshopify.com/cdn/shop/files/jci-msfc009-back.webp,3,Bib Front Long Sleeve Riding Top,,,,,,,,,,,,,,,,
msfc009-womens-long-sleeve,,,,,,,,,,,,,,,,,,,,,,,,,https://maison-cavalle-2.myshopify.com/cdn/shop/files/jci-msfc009-riding.webp,4,Bib Front Long Sleeve Riding Top,,,,,,,,,,,,,,,,
msfc009-womens-long-sleeve,,,,,,,,,,,,,,,,,,,,,,,,,https://maison-cavalle-2.myshopify.com/cdn/shop/files/jci-msfc009-waist-detail.webp,5,Bib Front Long Sleeve Riding Top,,,,,,,,,,,,,,,,
msfc009-womens-long-sleeve,,,,,,,,,,,,,,,,,,,,,,,,,https://maison-cavalle-2.myshopify.com/cdn/shop/files/jci-msfc009-grip-detail.webp,6,Bib Front Long Sleeve Riding Top,,,,,,,,,,,,,,,,
msfc009-womens-long-sleeve,,,,,,,,,,,,,,,,,,,,,,,,,https://maison-cavalle-2.myshopify.com/cdn/shop/files/jci-msfc009-studio.webp,7,Bib Front Long Sleeve Riding Top,,,,,,,,,,,,,,,,
